record_id,study,doi,table,antivenom,pop_id,observable,family,observed_value,censored,antivenom_protein_mg_per_ml,protein_source,marketed_claim_mg_per_ml,holdout,note
NN_PB_pot,SenjiLaxme2021Naja,10.1371/journal.pntd.0009150,S3B Table,Premium Serums,Naja_naja__Punjab,neutralisation_potency_mg_per_ml,,0.387,none,26.2,"10.1371/journal.pntd.0009247 S1 Table, batch ASVS(I)-Lyo013",0.60,false,Murine ED50 challenge; below the marketed claim.
NN_WB_pot,SenjiLaxme2021Naja,10.1371/journal.pntd.0009150,S3B Table,Premium Serums,Naja_naja__WestBengal,neutralisation_potency_mg_per_ml,,0.361,none,26.2,"10.1371/journal.pntd.0009247 S1 Table, batch ASVS(I)-Lyo013",0.60,false,Murine ED50 challenge; below the marketed claim.
NN_RJ_pot,SenjiLaxme2021Naja,10.1371/journal.pntd.0009150,S3B Table,Premium Serums,Naja_naja__Rajasthan,neutralisation_potency_mg_per_ml,,0.100,upper,26.2,"10.1371/journal.pntd.0009247 S1 Table, batch ASVS(I)-Lyo013",0.60,false,"Antivenom failed completely: all mice died at 5x LD50 even at the largest antivenom volume tested (166.66 uL). Recorded as a right-censored upper bound at an arbitrary low potency, and fitted as an inequality, not as a point value."
DR_WB_pot,SenjiLaxme2021Daboia,10.1371/journal.pntd.0009247,S6 Table,Premium Serums,Daboia_russelii__WestBengal,neutralisation_potency_mg_per_ml,,0.998,none,26.2,"10.1371/journal.pntd.0009247 S1 Table, batch ASVS(I)-Lyo013",0.60,false,Murine ED50 challenge; exceeds the marketed claim.
DR_MH_pot,SenjiLaxme2021Daboia,10.1371/journal.pntd.0009247,S6 Table,Premium Serums,Daboia_russelii__Maharashtra,neutralisation_potency_mg_per_ml,,0.848,none,26.2,"10.1371/journal.pntd.0009247 S1 Table, batch ASVS(I)-Lyo013",0.60,false,Murine ED50 challenge; exceeds the marketed claim.
DR_MP_pot,SenjiLaxme2021Daboia,10.1371/journal.pntd.0009247,S6 Table,Premium Serums,Daboia_russelii__MadhyaPradesh,neutralisation_potency_mg_per_ml,,0.855,none,26.2,"10.1371/journal.pntd.0009247 S1 Table, batch ASVS(I)-Lyo013",0.60,false,Murine ED50 challenge; exceeds the marketed claim.
ECC_PLA2_poor,Kalita2017Echis,10.1038/s41598-017-17227-y,Table 3,Indian polyvalent (pooled),Echis_carinatus__Maharashtra,poorly_recognised_family,PLA2,1.0,none,26.2,Premium Serums value used as the representative Indian polyvalent concentration,,false,"Identified among the venom proteins poorly recognised by commercial Indian polyvalent antivenoms. Encoded as an ordinal constraint against the well-recognised families of the same venom, never as a numeric recognition fraction."
ECC_CTL_poor,Kalita2017Echis,10.1038/s41598-017-17227-y,Table 3,Indian polyvalent (pooled),Echis_carinatus__Maharashtra,poorly_recognised_family,CTL,1.0,none,26.2,Premium Serums value used as the representative Indian polyvalent concentration,,false,"Snaclec subunits (echicetin, EMS16, dabocetin) among the poorly recognised proteins."
ECC_LAAO_poor,Kalita2017Echis,10.1038/s41598-017-17227-y,Table 3,Indian polyvalent (pooled),Echis_carinatus__Maharashtra,poorly_recognised_family,LAAO,1.0,none,26.2,Premium Serums value used as the representative Indian polyvalent concentration,,false,L-amino-acid oxidase fragments among the poorly recognised proteins.
ECC_DIS_poor,Kalita2017Echis,10.1038/s41598-017-17227-y,Table 3,Indian polyvalent (pooled),Echis_carinatus__Maharashtra,poorly_recognised_family,DIS,1.0,none,26.2,Premium Serums value used as the representative Indian polyvalent concentration,,false,Disintegrin among the poorly recognised proteins.
ECC_SVMP_ok,Kalita2017Echis,10.1038/s41598-017-17227-y,Table 3,Indian polyvalent (pooled),Echis_carinatus__Maharashtra,well_recognised_family,SVMP,1.0,none,26.2,Premium Serums value used as the representative Indian polyvalent concentration,,false,"Absent from the poorly-recognised list despite being abundant in this venom, so treated as comparatively well recognised. This is the reference side of the ordinal constraint."
ECC_SVSP_ok,Kalita2017Echis,10.1038/s41598-017-17227-y,Table 3,Indian polyvalent (pooled),Echis_carinatus__Maharashtra,well_recognised_family,SVSP,1.0,none,26.2,Premium Serums value used as the representative Indian polyvalent concentration,,false,Absent from the poorly-recognised list.
