pop_id,species,genus,locality,state,region,country,lat,lon,doi,table,accessed,method,holdout,is_immunogen_source,flags,note,pct_n_3ftx,pct_c_3ftx,pct_3ftx,pct_pla2,pct_svmp,pct_svsp,pct_laao,pct_crisp,pct_snaclec,pct_ctl,pct_kunitz,pct_dis,pct_np,pct_vegf,pct_nuc,pct_pde,pct_ache,pct_cvf,pct_vespryn,pct_ngf,pct_cystatin,pct_hyaluronidase,pct_plb,pct_other
Naja_naja__Punjab,Naja naja,Naja,Punjab (semi-arid zone),Punjab,North,India,30.9,75.85,10.1371/journal.pntd.0009150,S2A Table,2026-09-29,LC-MS/MS,false,false,,"state-level sampling; coordinates are the state centroid, not a reported point",80.0429,10.0436,,0.5721,2.1007,,,1.8262,,,3.2163,,,,0.0048,,,0.019,1.8884,0.2224,0.0636,,,
Naja_naja__WestBengal,Naja naja,Naja,Kolkata (Gangetic plain),West Bengal,East,India,22.57,88.36,10.1371/journal.pntd.0009150,S2B Table,2026-09-29,LC-MS/MS,false,false,,,73.3238,23.6035,,0.0382,0.3122,,,1.6185,,,0.046,,,,,,,,0.9392,0.129,,,,
Naja_naja__Rajasthan,Naja naja,Naja,Thar desert zone,Rajasthan,Northwest,India,26.24,73.02,10.1371/journal.pntd.0009150,S2C Table,2026-09-29,LC-MS/MS,false,false,,"state-level sampling; coordinates are the state centroid, not a reported point",30.0568,41.7274,,19.9941,1.3066,,0.0373,3.2008,,,0.6337,,,,0.0522,,,0.1053,0.9571,1.9243,0.0047,,,
Naja_naja__Maharashtra,Naja naja,Naja,Pune district (Western Ghats),Maharashtra,West,India,18.52,73.86,10.1371/journal.pntd.0007899,S2A Table,2026-09-29,LC-MS/MS,false,false,,,,,47.21,14.54,5.56,0.58,3.44,2.39,,,6.2,,0.07,,2.37,,,17.05,0.6,,,,,
Naja_naja__Karnataka,Naja naja,Naja,Karnataka (mainland reference),Karnataka,South,India,12.97,77.59,10.3389/fphar.2021.768210,Figure 3B,2026-09-29,LC-MS/MS,false,false,single_study_basis,only 3FTx (N-3FTx 51% + C-3FTx 10%) and PLA2 reported numerically in the text; residual assigned to other and the row flagged,51.0,10.0,,6.0,,,,,,,,,,,,,,,,,,,,
Naja_naja__EasternIndia,Naja naja,Naja,eastern India (locality unspecified),West Bengal,East,India,23.5,87.3,10.3390/toxins9090290,Table 1 (row: N. naja Eastern India),2026-09-29,LC-MS/MS,false,false,,Tasoulis & Isbister compilation; original study reports 79.8% of whole venom,,,63.8,11.4,1.0,0.3,0.8,2.1,,,0.4,,2.0,,,,,,,,,,,
Naja_naja__NorthwestIndia,Naja naja,Naja,north-west India (locality unspecified),Rajasthan,Northwest,India,26.9,72.5,10.3390/toxins9090290,Table 1 (row: N. naja North-west India),2026-09-29,LC-MS/MS,false,false,,Tasoulis & Isbister compilation,,,74.0,21.4,0.9,,,2.5,,,,,,,,,,,,,,,,
Naja_naja__SriLanka,Naja naja,Naja,Sri Lanka,Sri Lanka,SouthAsia,Sri Lanka,7.87,80.77,10.3390/toxins9090290,Table 1 (row: N. naja Sri Lanka),2026-09-29,LC-MS/MS,false,false,,nearest published N. naja proteome to the Tamil Nadu immunogen source,,,80.5,14.0,0.9,,,3.7,,,,,,,,,,,,,,,,
Naja_kaouthia__ArunachalPradesh,Naja kaouthia,Naja,Arunachal Pradesh,Arunachal Pradesh,Northeast,India,27.1,93.62,10.1371/journal.pntd.0007899,S2B Table,2026-09-29,LC-MS/MS,false,false,,,,,67.56,0.81,4.87,,0.55,13.12,,,,,,,1.17,0.43,0.03,7.9,1.3,2.25,,,,
Naja_kaouthia__WestBengal,Naja kaouthia,Naja,West Bengal,West Bengal,East,India,22.57,88.36,10.1371/journal.pntd.0007899,S2C Table,2026-09-29,LC-MS/MS,false,false,,,,,89.72,3.08,1.31,0.01,0.02,1.2,,0.2,0.1,,0.04,,0.22,,,3.16,0.91,0.03,,,0.02,
Naja_kaouthia__Thailand,Naja kaouthia,Naja,Thailand,Thailand,SoutheastAsia,Thailand,14.0,100.6,10.3390/toxins9090290,Table 1 (row: Naja kaouthia Thailand),2026-09-29,LC-MS/MS,false,false,,candidate alternative immunogen population for the R2 substitution test,,,78.3,12.2,2.6,,1.0,2.3,,,,,0.2,,,,,,,,,,,
Naja_kaouthia__Malaysia,Naja kaouthia,Naja,Malaysia,Malaysia,SoutheastAsia,Malaysia,3.14,101.69,10.3390/toxins9090290,Table 1 (row: Naja kaouthia Malaysia),2026-09-29,LC-MS/MS,false,false,,candidate alternative immunogen population for the R2 substitution test,,,63.7,23.5,3.3,,1.1,4.3,,,0.5,,,,,,,,,,,,,
Naja_kaouthia__Vietnam,Naja kaouthia,Naja,Vietnam,Vietnam,SoutheastAsia,Vietnam,21.03,105.85,10.3390/toxins9090290,Table 1 (row: Naja kaouthia Vietnam),2026-09-29,LC-MS/MS,false,false,,candidate alternative immunogen population for the R2 substitution test,,,76.4,17.4,1.6,,0.5,0.8,,,,,,,,,,,,,,,,
Naja_sagittifera__Andaman,Naja sagittifera,Naja,"Port Blair, South Andaman",Andaman and Nicobar Islands,Islands,India,11.62,92.73,10.3389/fphar.2021.768210,Figure 3B,2026-09-29,LC-MS/MS,true,false,single_study_basis,"R2 holdout target. Only 3FTx (N-3FTx 58% + C-3FTx 12%) and PLA2 2% reported numerically; NP, CTL, hyaluronidase, serpin and calreticulin reported as present but unquantified. Residual assigned to other and the row flagged.",58.0,12.0,,2.0,,,,,,,,,,,,,,,,,,,,
Bungarus_caeruleus__Punjab,Bungarus caeruleus,Bungarus,Punjab,Punjab,North,India,30.9,75.85,10.1371/journal.pntd.0007899,S2F Table,2026-09-29,LC-MS/MS,true,false,,R3 holdout target: North Indian krait,,,32.56,38.16,5.54,,4.86,0.43,,,2.87,,,,1.0,,11.76,,1.59,0.53,,0.71,,
Bungarus_caeruleus__SriLanka,Bungarus caeruleus,Bungarus,Sri Lanka,Sri Lanka,SouthAsia,Sri Lanka,7.87,80.77,10.3390/toxins9090290,Table 1 (row: Bungarus caeruleus (Sri Lanka)),2026-09-29,LC-MS/MS,false,false,,southern reference population for R3b per preregistration amendment A1.2; the nearest published B. caeruleus proteome to the Tamil Nadu immunogen source,,,19.0,64.5,1.3,,,5.5,,,4.4,,,,,,,,,,,,,
Bungarus_sindanus__Rajasthan,Bungarus sindanus,Bungarus,Rajasthan,Rajasthan,Northwest,India,26.24,73.02,10.1371/journal.pntd.0007899,S2G Table,2026-09-29,LC-MS/MS,false,false,,"state-level sampling; coordinates are the state centroid, not a reported point",,,33.7,24.37,1.91,3.62,0.53,6.23,,0.16,5.91,,,,0.16,,19.42,,3.07,0.74,,,0.16,
Bungarus_fasciatus__WestBengal,Bungarus fasciatus,Bungarus,West Bengal,West Bengal,East,India,22.57,88.36,10.1371/journal.pntd.0007899,S2H Table,2026-09-29,LC-MS/MS,false,false,,,,,17.3,74.39,1.01,0.07,0.13,,,0.28,3.68,,,,0.62,,2.14,,,0.3,,,0.08,
Daboia_russelii__Maharashtra,Daboia russelii,Daboia,Mahad (Western Ghats),Maharashtra,West,India,18.08,73.42,10.1371/journal.pntd.0009247,S3 Table,2026-09-29,LC-MS/MS,false,false,,,0.21,0.03,,59.05,1.29,27.12,0.04,6.47,2.06,,3.71,0.02,,0.01,0.01,,,,,0.02,,,,
Daboia_russelii__MadhyaPradesh,Daboia russelii,Daboia,Jabalpur (Deccan plateau),Madhya Pradesh,Central,India,23.18,79.99,10.1371/journal.pntd.0009247,S4 Table,2026-09-29,LC-MS/MS,false,false,,,0.47,,,44.94,6.51,12.73,0.72,0.16,19.57,0.02,6.57,,,7.58,0.56,,,,,0.18,,,,
Daboia_russelii__WestBengal,Daboia russelii,Daboia,Kolkata (Gangetic plain),West Bengal,East,India,22.57,88.36,10.1371/journal.pntd.0009247,"Results, Fig 3 (S2 Table not released)",2026-09-29,LC-MS/MS,false,false,single_study_basis,the S2 Table for this population was not released with the article; the four family abundances stated numerically in the Results text are used and the residual assigned to other,,,,35.0,,8.0,,,5.0,,39.0,,,,,,,,,,,,,
Daboia_russelii__WestIndia,Daboia russelii,Daboia,western India (locality unspecified),Gujarat,West,India,20.5,73.5,10.3390/toxins9090290,Table 2 (row: D. russelii (West India)),2026-09-29,LC-MS/MS,false,false,,Tasoulis & Isbister compilation,,,,32.5,24.8,8.0,0.3,6.8,1.8,,12.5,4.9,,1.8,,,,,,,,,,
Daboia_russelii__SriLanka,Daboia russelii,Daboia,Sri Lanka,Sri Lanka,SouthAsia,Sri Lanka,7.87,80.77,10.3390/toxins9090290,Table 2 (row: D. russelii (Sri Lanka)),2026-09-29,LC-MS/MS,false,false,,nearest published D. russelii proteome to the Tamil Nadu immunogen source,,,,35.0,6.9,16.0,5.2,2.0,22.4,,4.6,,,,,,,,,,,,,
Daboia_russelii__Pakistan,Daboia russelii,Daboia,Pakistan,Punjab (Pakistan),SouthAsia,Pakistan,30.2,71.5,10.3390/toxins9090290,Table 2 (row: Daboia russelii (Pakistan)),2026-09-29,LC-MS/MS,false,false,,,,,,32.8,21.8,3.2,0.6,2.6,6.4,,28.4,0.4,,1.5,,,,,,,,,,
Echis_carinatus__Maharashtra,Echis carinatus,Echis,Maharashtra,Maharashtra,West,India,18.52,73.86,10.1371/journal.pntd.0007899,S2D Table,2026-09-29,LC-MS/MS,false,false,,,,,,29.21,18.69,3.01,25.13,,12.04,,,8.02,,,,,,,,,,3.91,,
Echis_carinatus_sochureki__RajasthanPooled,Echis carinatus sochureki,Echis,"Rajasthan (pooled, locality unspecified)",Rajasthan,Northwest,India,26.24,73.02,10.1371/journal.pntd.0007899,S2E Table,2026-09-29,LC-MS/MS,true,false,,"R1 holdout target. This study reports E. c. sochureki as PLA2-dominant with SVMP at 3%, which conflicts sharply with doi:10.3390/toxins18010054 on the same subspecies and region. Both are curated; see preregistration amendment A1.1.",,,,61.87,2.96,7.43,12.65,6.24,3.32,0.22,,3.59,,,,,,,,,,1.71,,
Echis_carinatus_sochureki__Sam,Echis carinatus sochureki,Echis,"Sam, Jaisalmer district",Rajasthan,Northwest,India,26.88,70.5,10.3390/toxins18010054,Results 2.3 and Figure 3,2026-09-29,LC-MS/MS,true,false,,"R1 holdout target. SVMP is the sum of the reported PI, PII and PIII subclasses; aminopeptidase and SVMP-inhibitor map to other. Coordinates are the named town or district centroid; the article reports no lat/lon.",,,,12.35,66.63,3.95,5.49,1.43,3.64,,,2.2,,,,,,,,,,,,1.86
Echis_carinatus_sochureki__Barmer,Echis carinatus sochureki,Echis,Barmer district,Rajasthan,Northwest,India,25.75,71.39,10.3390/toxins18010054,Results 2.3 and Figure 3,2026-09-29,LC-MS/MS,true,false,,"R1 holdout target. SVMP is the sum of the reported PI, PII and PIII subclasses; aminopeptidase and SVMP-inhibitor map to other. Coordinates are the named town or district centroid; the article reports no lat/lon.",,,,26.96,60.66,1.39,5.99,1.98,0.97,,,0.04,,,,,,,,,,,,1.27
Echis_carinatus_sochureki__Pokhran,Echis carinatus sochureki,Echis,"Pokhran, Jaisalmer district",Rajasthan,Northwest,India,26.92,71.92,10.3390/toxins18010054,Results 2.3 and Figure 3,2026-09-29,LC-MS/MS,true,false,,"R1 holdout target. SVMP is the sum of the reported PI, PII and PIII subclasses; aminopeptidase and SVMP-inhibitor map to other. Coordinates are the named town or district centroid; the article reports no lat/lon.",,,,12.49,55.47,7.52,15.11,2.33,2.64,,,0.63,,,,,,,,,,,,
